scheme,topic,content,source_url
HDFC Large Cap Fund,minimum_sip,"The minimum SIP amount for HDFC Large Cap Fund - Direct Plan is ₹100.",https://www.hdfcfund.com/explore/mutual-funds/hdfc-large-cap-fund/direct
HDFC Large Cap Fund,exit_load,"An exit load of 1% applies if units are redeemed or switched out within 1 year from the date of allotment. No exit load applies after 1 year.",https://www.hdfcfund.com/explore/mutual-funds/hdfc-large-cap-fund/direct
HDFC Large Cap Fund,benchmark,"The benchmark for HDFC Large Cap Fund is NIFTY 100 Total Return Index.",https://www.hdfcfund.com/explore/mutual-funds/hdfc-large-cap-fund/direct
HDFC Large Cap Fund,riskometer,"HDFC Large Cap Fund is classified as Very High risk on the Riskometer.",https://www.hdfcfund.com/explore/mutual-funds/hdfc-large-cap-fund/direct
HDFC Large Cap Fund,lock_in,"HDFC Large Cap Fund does not have a lock-in period.",https://www.hdfcfund.com/explore/mutual-funds/hdfc-large-cap-fund/direct
HDFC Large Cap Fund,expense_ratio,"The Total Expense Ratio shown for HDFC Large Cap Fund - Direct Plan is 1.03%.",https://www.hdfcfund.com/explore/mutual-funds/hdfc-large-cap-fund/direct
HDFC Flexi Cap Fund,minimum_sip,"The minimum SIP amount for HDFC Flexi Cap Fund - Direct Plan is ₹100.",https://www.hdfcfund.com/explore/mutual-funds/hdfc-flexi-cap-fund/direct
HDFC Flexi Cap Fund,exit_load,"An exit load of 1% applies if units are redeemed or switched out within 1 year from the date of allotment. No exit load applies after 1 year.",https://www.hdfcfund.com/explore/mutual-funds/hdfc-flexi-cap-fund/direct
HDFC Flexi Cap Fund,benchmark,"The benchmark for HDFC Flexi Cap Fund is NIFTY 500 Total Returns Index.",https://www.hdfcfund.com/explore/mutual-funds/hdfc-flexi-cap-fund/direct
HDFC Flexi Cap Fund,riskometer,"HDFC Flexi Cap Fund is classified as Very High risk on the Riskometer.",https://www.hdfcfund.com/explore/mutual-funds/hdfc-flexi-cap-fund/direct
HDFC Flexi Cap Fund,lock_in,"HDFC Flexi Cap Fund does not have a lock-in period.",https://www.hdfcfund.com/explore/mutual-funds/hdfc-flexi-cap-fund/direct
HDFC Flexi Cap Fund,expense_ratio,"The Total Expense Ratio shown for HDFC Flexi Cap Fund - Direct Plan is 0.77%.",https://www.hdfcfund.com/explore/mutual-funds/hdfc-flexi-cap-fund/direct
HDFC ELSS Tax Saver Fund,minimum_sip,"The minimum SIP amount for HDFC ELSS Tax Saver Fund - Direct Plan is ₹500.",https://www.hdfcfund.com/explore/mutual-funds/hdfc-elss-tax-saver-fund/direct
HDFC ELSS Tax Saver Fund,lock_in,"HDFC ELSS Tax Saver Fund has a statutory lock-in period of 3 years.",https://www.hdfcfund.com/explore/mutual-funds/hdfc-elss-tax-saver-fund/direct
HDFC ELSS Tax Saver Fund,exit_load,"The exit load for HDFC ELSS Tax Saver Fund is NIL.",https://www.hdfcfund.com/explore/mutual-funds/hdfc-elss-tax-saver-fund/direct
HDFC ELSS Tax Saver Fund,benchmark,"The benchmark for HDFC ELSS Tax Saver Fund is NIFTY 500 Total Returns Index.",https://www.hdfcfund.com/explore/mutual-funds/hdfc-elss-tax-saver-fund/direct
HDFC ELSS Tax Saver Fund,riskometer,"HDFC ELSS Tax Saver Fund is classified as Very High risk on the Riskometer.",https://www.hdfcfund.com/explore/mutual-funds/hdfc-elss-tax-saver-fund/direct
HDFC ELSS Tax Saver Fund,expense_ratio,"The Total Expense Ratio shown for HDFC ELSS Tax Saver Fund - Direct Plan is 1.21%.",https://www.hdfcfund.com/explore/mutual-funds/hdfc-elss-tax-saver-fund/direct
